<?xml version="1.0" encoding="UTF-8"?>
<beans xmlns="http://www.springframework.org/schema/beans"
       xmlns:xsi="http://www.w3.org/2001/XMLSchema-instance" xmlns:aop="http://www.springframework.org/schema/aop"
       xsi:schemaLocation="http://www.springframework.org/schema/beans http://www.springframework.org/schema/beans/spring-beans.xsd
        http://www.springframework.org/schema/aop http://www.springframework.org/schema/aop/spring-aop.xsd">
    <bean id="user1" class="a.b.c.entity.User">
        <property name="usr_id" value="101"/>
        <property name="usr_account" value="zs"/>
        <property name="usr_password" value="123456"/>
    </bean>
    <bean id="userService" class="a.b.c.service.UserServiceImpl">
    </bean>
    <bean id="txManger" class="a.b.c.aop.TxManger">
    </bean>
    <aop:config>
        <aop:pointcut id="pc" expression="execution(* a.b.c.service.UserServiceImpl.*(..))"/>
        <aop:aspect ref="txManger">
            <aop:before method="kaiqishiwu" pointcut-ref="pc"/>
            <aop:after-returning method="tijiaoshiwu" pointcut-ref="pc"/>
            <aop:after-throwing method="huigunshiwu" pointcut-ref="pc"/>
            <aop:after method="shifangziyuan" pointcut-ref="pc"/>
        </aop:aspect>
    </aop:config>
</beans>