<?xml version="1.0" encoding="UTF-8"?>
<beans xmlns="http://www.springframework.org/schema/beans"
       xmlns:xsi="http://www.w3.org/2001/XMLSchema-instance" xmlns:aop="http://www.springframework.org/schema/aop"
       xsi:schemaLocation="http://www.springframework.org/schema/beans http://www.springframework.org/schema/beans/spring-beans.xsd
        http://www.springframework.org/schema/aop http://www.springframework.org/schema/aop/spring-aop.xsd">
    <!--属性注入-->
    <bean id="user1" class="a.b.c.entity.User" scope="prototype">
        <property name="usr_id" value="101"/>
        <property name="usr_account" value="zs"/>
        <property name="usr_password" value="123456"/>
    </bean>
    <!--构造注入-->
    <bean id="user2" class="a.b.c.entity.User" scope="prototype">
        <constructor-arg name="usr_id" value="102"/>
        <constructor-arg name="usr_account" value="ls"/>
        <constructor-arg name="usr_password" value="666666"/>
    </bean>
    <!--复杂数据类型注入-->
    <bean id="person1" class="a.b.c.entity.Person">
        <property name="hobbys">
            <array>
                <value>象棋1</value>
                <value>象棋2</value>
                <value>象棋3</value>
            </array>
        </property>
        <property name="hobbyList">
            <list>
                <value>象棋1</value>
                <value>象棋2</value>
                <value>象棋3</value>
            </list>
        </property>
        <property name="hobbyMap">
            <map>
                <entry key="1" value="象棋1"/>
                <entry key="2" value="象棋2"/>
                <entry key="3" value="象棋3"/>
            </map>
        </property>
        <property name="car" ref="car1" />
    </bean>
    <bean id="car1" class="a.b.c.entity.Car">
        <property name="id" value="1"/>
        <property name="color" value="白色"/>
        <property name="name" value="子弹头别克"/>
    </bean>
</beans>